id;first_name;last_name;email;phone_number;address;additional_info
1;Catherine;Reynolds;Javon85@hotmail.com;Fantastic;multi-byte Shoes architect;Loan
2;Carley;Marks;Kenya6@hotmail.com;Planner green;front-end Gorgeous;Ethiopian monitor
3;Lane;Pfeffer;Mathew.Konopelski16@yahoo.com;Borders Uzbekistan;Intranet;withdrawal HTTP Electronics
4;Norbert;Jacobson;Barrett_Senger@gmail.com;Malaysia;Toys platforms pixel;analyzing Soap
5;Hollis;Jenkins;Mose.Quigley17@gmail.com;toolset Krone;Ports;Usability deposit
6;Janis;Swift;Megane_Waters@yahoo.com;Expressway Implementation;Spur Credit;bypass
7;Amaya;West;Hipolito95@hotmail.com;mesh;hack;Mauritania
8;Ramiro;Schumm;Forrest.King@gmail.com;Licensed e-markets;program Health Egypt;schemas
9;Sigrid;Grimes;Grayce16@gmail.com;Marketing Rubber;Oregon Architect;next-generation copying
10;Will;McKenzie;Solon81@gmail.com;Customer Steel;Integration front-end International;olive dedicated
